{"cameraMode":{"drawMode":0,"name":"Shaded","section":"Shading Mode"},"sceneLighting":true,"audioPlay":false,"sceneViewState":{"m_AlwaysRefresh":false,"showFog":true,"showSkybox":true,"showFlares":true,"showImageEffects":true,"showParticleSystems":true,"showVisualEffectGraphs":true,"m_FxEnabled":true},"in2DMode":false,"pivot":{"x":0.00017118453979492188,"y":2.215211868286133,"z":22.629085540771486},"rotation":{"x":0.052784789353609088,"y":-0.003000459633767605,"z":0.00015870215429458767,"w":0.9986022710800171},"size":7.186825752258301,"orthographic":false}