{"cameraMode":{"drawMode":0,"name":"Shaded","section":"Shading Mode"},"sceneLighting":false,"audioPlay":false,"sceneViewState":{"m_AlwaysRefresh":false,"showFog":true,"showSkybox":true,"showFlares":true,"showImageEffects":true,"showParticleSystems":true,"showVisualEffectGraphs":true,"m_FxEnabled":true},"in2DMode":false,"pivot":{"x":0.40587329864501955,"y":4.5632853507995609,"z":-10.214462280273438},"rotation":{"x":0.0018169124377891422,"y":0.9908106923103333,"z":-0.13457803428173066,"w":0.013376756571233273},"size":4.065945148468018,"orthographic":false}