{"cameraMode":{"drawMode":0,"name":"Shaded","section":"Shading Mode"},"sceneLighting":false,"audioPlay":false,"sceneViewState":{"m_AlwaysRefresh":false,"showFog":true,"showSkybox":true,"showFlares":true,"showImageEffects":true,"showParticleSystems":true,"showVisualEffectGraphs":true,"m_FxEnabled":true},"in2DMode":false,"pivot":{"x":0.15717142820358277,"y":2.7942593097686769,"z":20.013948440551759},"rotation":{"x":0.11995898932218552,"y":-0.010423310101032257,"z":0.0012648273259401322,"w":0.9927307367324829},"size":2.2194607257843019,"orthographic":false}