{"cameraMode":{"drawMode":0,"name":"Shaded","section":"Shading Mode"},"sceneLighting":true,"audioPlay":false,"sceneViewState":{"m_AlwaysRefresh":false,"showFog":true,"showSkybox":true,"showFlares":true,"showImageEffects":true,"showParticleSystems":true,"showVisualEffectGraphs":true,"m_FxEnabled":true},"in2DMode":false,"pivot":{"x":7.499508380889893,"y":6.833162784576416,"z":24.818084716796876},"rotation":{"x":0.12269029021263123,"y":0.0005976862157694995,"z":-0.00007356139394687489,"w":0.9924463629722595},"size":3.668788433074951,"orthographic":false}