{"cameraMode":{"drawMode":0,"name":"Shaded","section":"Shading Mode"},"sceneLighting":false,"audioPlay":false,"sceneViewState":{"m_AlwaysRefresh":false,"showFog":true,"showSkybox":true,"showFlares":true,"showImageEffects":true,"showParticleSystems":true,"showVisualEffectGraphs":true,"m_FxEnabled":true},"in2DMode":false,"pivot":{"x":1.609564185142517,"y":-1.2808220386505128,"z":26.60117530822754},"rotation":{"x":-0.1734093874692917,"y":-0.014506945386528969,"z":0.0025543668307363989,"w":-0.9847400188446045},"size":6.697943687438965,"orthographic":false}